{"train/lm_loss":0.5682697000541126,"train/steps":0,"_wandb":{"runtime":185588},"train/exact_accuracy":0,"_timestamp":1.7765245474407403e+09,"train/q_halt_accuracy":0,"train/q_halt_loss":0.01033198181539774,"num_params":7528196,"train/router_entropy_loss":-0.0006024164613336325,"all":{"accuracy":0.7272576093673706,"steps":16,"router_p_attn":0,"router_p_mlp":0,"q_halt_accuracy":0.9978144764900208,"q_halt_loss":0.012585262767970562,"router_entropy":0,"lm_loss":0.6337665319442749,"router_entropy_loss":-0.0005698878667317331,"exact_accuracy":0.20365385711193085},"_step":14968,"train/count":0,"train/accuracy":0,"train/lr":0.0001,"_runtime":185588.817074786}